id,Title,Image,Category
577189,80th birthday balloons gold and black birthday party decorations latex confetti balloon for 80 years old anniversary theme happy birthday party supplies 12 inch 15 pack80 birthday decorations,https://m.media-amazon.com/images/I/71xdQYQNvkL.jpg,party decorations
577748,house of party lets go girls foil balloons 16 silver letter balloons disco ball bachelorette party bach party decorations,https://m.media-amazon.com/images/I/81ydy11BicL.jpg,party decorations
574614,rose gold number 16 circle dot twinkle star garland kit metallic hanging streamer bunting banner backdrop decorations for girls 16th birthday sweet sixteen wedding anniversary bridal shower party,https://m.media-amazon.com/images/I/61hTbhrDDLL.jpg,party decorations
575284,6ft lighted fall eucalyptus garland with timer 100 leds 8 flashing lights battery operated fall vine garland with lights for autumn home fireplace mantel centerpieces thanksgiving decor,https://m.media-amazon.com/images/I/71r6SefmaQL.jpg,party decorations
577420,50pcs hawaiian leis for luau party bulk luau leis lays necklace hawaiian party supplies for adults and kids hawaiian flower leis for tropicalpoolbeach themed party,https://m.media-amazon.com/images/I/7106ZfVMkyL.jpg,party decorations
575269,rose gold birthday decorations for women happy birthday party decorations for girlsrose gold fringe curtainhappy birthday bannerhappy birthday balloonhappy birthday balloon letters,https://m.media-amazon.com/images/I/71wadbVgGcL.jpg,party decorations
1112124,beer birthday banner beer mug pennant banner for beer party and birthday wedding party supplies,https://m.media-amazon.com/images/I/51psLy6llAL.jpg,party decorations
1117446,micro machines super van city playset includes 12 mm vehicles working bridge construction site high rise building drag strip ramps collect them all,https://m.media-amazon.com/images/I/81Awx7bosnL.jpg,toy vehicle playsets
1118396,jojofuny 3pcs plastic railway mountain tunnel train set accessories simulation model train railway train cave tunnels for kids age 3 and up grey,https://m.media-amazon.com/images/I/614WbtRgL9L.jpg,toy vehicle playsets
1119461,thomas friends trackmaster daring derail set,https://m.media-amazon.com/images/I/61U7KwTuA0L.jpg,toy vehicle playsets
1118014,alipis toddler nativity set rotating sushi train electric train toy set around christmas tree train battery powered train tracks toy carousel sushi holder toys under xmas tree decoration kids kits,https://m.media-amazon.com/images/I/611e3Z8fUgL.jpg,toy vehicle playsets
1117323,ibwaae wooden train set for baby gift toys with numbers and blocks train toy 12 pcs for toddler boys and girls 1 2 3 4 5 brithday gift,https://m.media-amazon.com/images/I/51veAwM3auL.jpg,toy vehicle playsets
1118951,woodland scenics 16oz ez water diorama accessory c1206,https://m.media-amazon.com/images/I/41z51KnjtDL.jpg,toy vehicle playsets
1117320,hot wheels track builder playset multi loop box 10ft of track 1 toy car in 164 scale features storage box,https://m.media-amazon.com/images/I/61yJWxhEvZL.jpg,toy vehicle playsets
1037531,aso evo ankle stabilizer support black large,https://m.media-amazon.com/images/I/31e2Z5R9lxL.jpg,occupational health safety products
1038570,led emergency light with remote capable adjustable led lamp heads exit lighting backup battery white emergency lights 120v277v dual voltage ul certified 1 pack,https://m.media-amazon.com/images/I/71hl5znJGxL.jpg,occupational health safety products
1037080,mens split cowhide leather palm gloves cut resistant keystone thumb flexible fit greenblack,https://m.media-amazon.com/images/I/91vKDm5ks1L.jpg,occupational health safety products
1036941,brinks 40mm solid brass keyed padlock with 25 shackle clearance 17142001,https://m.media-amazon.com/images/I/71UM+0uoeZL.jpg,occupational health safety products
1037140,smartsign be a germbuster wash your hands hand washing label 35 x 5 laminated vinyl sticker pack of 4,https://m.media-amazon.com/images/I/71lAfFC145L.jpg,occupational health safety products
1036472,hts tr90nzz safety glasses small size with side shields ansi z87 optical eyeglass prescription frame scratch fog resistant,https://m.media-amazon.com/images/I/61QExO6vgBL.jpg,occupational health safety products
1417288,mcdavid 199 lightweight laced ankle brace black xsmall,https://m.media-amazon.com/images/I/71SqSSpN+qL.jpg,occupational health safety products
1283613,halloween 12 month photo banner with clip for halloween first birthday decorations halloween 1st birthday photo banner for boygirl the spooky one birthday party decorations,https://m.media-amazon.com/images/I/71qG+GbCM9L.jpg,kids party supplies
1285175,battle royale birthday party supplies and decorations gaming party llama balloons favors for boy girl,https://m.media-amazon.com/images/I/41hhlJKmsCL.jpg,kids party supplies
1284205,rainbow ceiling decorations banner hanging rainbow cloud ceiling decoration rainbow garland bunting banner for birthday baby shower decoration classroom ceiling decor,https://m.media-amazon.com/images/I/61WEYpFj8OL.jpg,kids party supplies
1283734,147pcs cartoon cat theme party supplies for girlsbirthday party decorationsincludes banners spirals backdrops tablecloths plates knives forks and spoons stickers foil balloons cake toppers,https://m.media-amazon.com/images/I/71ZOEPWiINL.jpg,kids party supplies
1284112,one powder pack makes up to 120 gallons of foam in a foam generator foam powder,https://m.media-amazon.com/images/I/719P6bA-PLL.jpg,kids party supplies
1285505,kozee pearl white doublestuffed balloons different sizes 63pcs18105 inch 2layer pearl white sand balloon garland kit for bridge to be wedding women birthday baby shower anniversary decorations,https://m.media-amazon.com/images/I/71MmbWGhn7L.jpg,kids party supplies
304666,hmwcsc 24pcs wednesday key chains party favors set family keychain party supplies classroom exchange and game prizes gift for kids boys and girls,https://m.media-amazon.com/images/I/817uS9-12WL.jpg,kids party supplies
220424,stage coach 20inch rolling trunk white,https://m.media-amazon.com/images/I/71XdFvyBmZL.jpg,luggage
221083,carry on luggage sets of 3 suitcases with wheels 20 24 28 inch luggage with spinner wheels hard shell tsa luggage,https://m.media-amazon.com/images/I/81DW+oSNWCL.jpg,luggage
220360,21 carry on luggage with spinner wheels travel suitcase expandable tsa lock and hard case jet black,https://m.media-amazon.com/images/I/61bnQznZzXL.jpg,luggage
221262,wjwski clear kids dance garment bag for hanging clothes35 inch waterproof pvc travel garment bag with 3 pockets for dance costumessportsskatingtheatrebeauty pageants more,https://m.media-amazon.com/images/I/61oYjQ5UbCL.jpg,luggage
219736,luggage sets 3 piece suitcases set abs expandable 8 wheels spinner suitcase tsa lock travel luggage for man and women black brown,https://m.media-amazon.com/images/I/71kMlLAkDfL.jpg,luggage
222929,disney mickey mouse 21 inch rolling luggage icons design hardshell carry on suitcase with wheels black fcfl0157sm001,https://m.media-amazon.com/images/I/61M+-UTHFcL.jpg,luggage
222746,john raffio parks rec travel cosmetic bag funny recreation tv show gifts pills baby zipper pouch pills baby tote,https://m.media-amazon.com/images/I/61sBsNtXUlL.jpg,luggage
138,census 32 softside checked 8 wheel spinner grey skin,https://m.media-amazon.com/images/I/71gJhXJyLpL.jpg,suitcases
64,luggage aluminium frame suitcase tsa lock 100 pc 20in 24in 28in sliver l28in,https://m.media-amazon.com/images/I/61Zv2kuCyfL.jpg,suitcases
548,travel dustproof suitcase cover sunflower print clear luggage cover protector tsa approved for 1822inch,https://m.media-amazon.com/images/I/81KTx4jwr4L.jpg,suitcases
262,designer luggage collection expandable 24 inch softside bag durable midsized ultra lightweight checked suitcase with 4rolling spinner wheels diva,https://m.media-amazon.com/images/I/91AkCEohLmL.jpg,suitcases
654,luggage covers for suitcase tsa approvedelastic washable suitcase cover protectorleopard print luggage cover sleeve wrap for 262728 inches suitcase travel accessories,https://m.media-amazon.com/images/I/81aoEQxZgXL.jpg,suitcases
539,suitcase graphite 55 cm,https://m.media-amazon.com/images/I/61ygi5DmHOL.jpg,suitcases
276,28 inch checked luggage collection scratch resistant abs pc hardside suitcase designer lightweight bag with 8rolling spinner wheels diamond,https://m.media-amazon.com/images/I/812kDfXf1OL.jpg,suitcases
734414,sony eyepet includes playstation eye ps3,https://m.media-amazon.com/images/I/71hxC9uChjS.jpg,playstation 3 games consoles accessories
733147,ostent adjustable tv clip mount holder dock stand for sony ps3 move eye camera,https://m.media-amazon.com/images/I/51wp0YNf7jL.jpg,playstation 3 games consoles accessories
734791,need for speed hot pursuit sony playstation 3 2010 limited edition,https://m.media-amazon.com/images/I/81OyBtW++xL.jpg,playstation 3 games consoles accessories
734291,exclusive need for speed the run ps3 by electronic arts,https://m.media-amazon.com/images/I/51HMwxXKUyL.jpg,playstation 3 games consoles accessories
734538,airborne troops countdown to dday,https://m.media-amazon.com/images/I/81QkXl9C7QL.jpg,playstation 3 games consoles accessories
735201,homefront japan import,https://m.media-amazon.com/images/I/91tAfZVz2gL.jpg,playstation 3 games consoles accessories
733091,heavy rain directors cut ps3,https://m.media-amazon.com/images/I/61mLNFQH0eL.jpg,playstation 3 games consoles accessories
563971,new upgraded lazy spectacles horizontal glasses high definition glasses prism periscope lie down eyeglasses for reading and watch tv in bed,https://m.media-amazon.com/images/I/51QrKCCKRUL.jpg,vision products
566083,occi chiari bifocal reading glasses womens blue light blocking readers 10 15 20 25 30 35,https://m.media-amazon.com/images/I/71sJe4B4MgL.jpg,vision products
563468,firmoo cat eye blue light blocking glasses women anti eye strain anti glare clear computer glasses for digital screens with uv protection,https://m.media-amazon.com/images/I/51PtjkT9kCL.jpg,vision products
564542,reading glasses women 150 readers cheaters glasses stylish modern cateye lightweight frame 4 pack comfy spring hinge4 cases,https://m.media-amazon.com/images/I/71dr+WiSd1L.jpg,vision products
565496,reading glasses 2 pair rimless ultra lightweight readers for men and women 15,https://m.media-amazon.com/images/I/610bJOJMfGL.jpg,vision products
565102,replacement nose pads nose pieces for oakley m2 frame af m2 frame xl oo9343 m2 frame xl asian fit oo9345 m2 frame vented af sunglasses eyeglasses 1 piece,https://m.media-amazon.com/images/I/61T1PWPubjL.jpg,vision products
563143,amazon essentials unisex bluelight and uv400 blocking glasses 1 pair,https://m.media-amazon.com/images/I/51GO2p2XITL.jpg,vision products
470811,6 pcs 79 x 59 large tufting cloth for rugs and 71 x 39 non slip final backing tufting cloth with marked lines primary tufting cloth rug tufting kit for tufting gun punch needle diy rug,https://m.media-amazon.com/images/I/81GPHtaqrSL.jpg,needlework supplies
877731,dmc 117amz3666 amazon 3 skein pack embroidery floss bright red,https://m.media-amazon.com/images/I/812VTk6kk+L.jpg,needlework supplies
879375,madeira polyneon embroidery thread 40 wt 1000 m spool color 1600,https://m.media-amazon.com/images/I/31wD0PVeljL.jpg,needlework supplies
877287,59 x 1 yard 18ct white counted cotton aida cloth cross stitch fabric,https://m.media-amazon.com/images/I/91iGE-jFZ0L.jpg,needlework supplies
474103,easy diy craft punch needle embroidery kits deco rug for starter kits with stamped color pattern with instructionyarn and embroidery wooden handle needle penhoop nordic plant leaf deco,https://m.media-amazon.com/images/I/519sK70oX7L.jpg,needlework supplies
473232,latch hook kits diy crochet yarn kitssnowman carpet embroidery hook rug kit needlework sets cushion for kids or adults home decor 20x15inch,https://m.media-amazon.com/images/I/71E6givSzML.jpg,needlework supplies
878034,printed canvas or threads for tapestry embroidery needlepoint gobelin l canvas friends 11394,https://m.media-amazon.com/images/I/91H2ZJC3apL.jpg,needlework supplies
344316,3 pieces large adjustable bird cage cover seed feather catcher birdcage nylon mesh net cover soft skirt guard for parakeet macaw african round square cage 78 x 15 inch in circumference and width,https://m.media-amazon.com/images/I/81T3ty54GlS.jpg,pet bird supplies
345826,bird nesting house hand woven bird breeding cage houses natural straw pigeon nesting material hamster house rabbit cage small animals hatch cage for pigeon dove guinea pig gerbil chinchillas,https://m.media-amazon.com/images/I/71uFq0lrKzL.jpg,pet bird supplies
346525,bonka bird toys christmas elf santa snowman reindeer natural sola chew forage small medium bird toy cockatiel parakeet conures and other similar birds 2437 reindeer,https://m.media-amazon.com/images/I/81hBCg0Y0WL.jpg,pet bird supplies
346615,3 pcs parrot butterfly vest harnesses and 63 leash bird flying clothes outdoor cockatoos training rope macaw traveling walking leash s chest circumference 51,https://m.media-amazon.com/images/I/71rQqPkOpvL.jpg,pet bird supplies
347035,winter warm bird nest bed hanging hammock snuggle hut parrot house tent toy bird cage perch for parakeet budgies cockatiels lovebird cockatoo finch hamster chinchilla guinea pig bird nest 1,https://m.media-amazon.com/images/I/71UKTAizTlL.jpg,pet bird supplies
343728,prevue bird perch 17 x 075 dia 2 pk,https://m.media-amazon.com/images/I/61lA-axSVZL.jpg,pet bird supplies
346569,large adjustable bird cage cover nylon material and soft soft skirt guard for round square birdcage covers new limited edition,https://m.media-amazon.com/images/I/81YX15wFWVS.jpg,pet bird supplies
72486,dead or alive 6 ps4,https://m.media-amazon.com/images/I/81bgnUBAt0L.jpg,playstation 4 games consoles accessories
75341,vanknight skin vinyl sticker decals wrap compatible with ps5 digital edition console controllers green leaf,https://m.media-amazon.com/images/I/71HKQr7VybL.jpg,playstation 4 games consoles accessories
72967,puyo puyo tetris 2 launch edition playstation 4,https://m.media-amazon.com/images/I/81DuOLVE1mS.jpg,playstation 4 games consoles accessories
74497,playstation god of war psh ps4,https://m.media-amazon.com/images/I/81vhYKp-YFL.jpg,playstation 4 games consoles accessories
74025,dead cells action game of the year playstation 4,https://m.media-amazon.com/images/I/81Df+4S8Z3L.jpg,playstation 4 games consoles accessories
72447,anthem playstation 4,https://m.media-amazon.com/images/I/71fzxG+a3qL.jpg,playstation 4 games consoles accessories
73567,easars wireless gaming headset 24g bluetooth headset foldable over ear headphones 28h playtime detachable microphone compatible with ps5ps4pc,https://m.media-amazon.com/images/I/6177Ls0KUCL.jpg,playstation 4 games consoles accessories
1228544,amazon basics bubble bath lavender scent 32 fluid ounces pack of 1,https://m.media-amazon.com/images/I/61WbDqtkEGL.jpg,personal care products
1227932,tattoo aftercare bandage roll 6x 2 yard waterproof transparent film for tattoo initial healing and skin repair adhesive tattoo supply wrap,https://m.media-amazon.com/images/I/61THPxTeRpL.jpg,personal care products
1228288,real purity 2 pack rollon deodorant,https://m.media-amazon.com/images/I/61GL1RcLyoL.jpg,personal care products
1227861,gillette venus sensitive womens disposable razors single package of 3 razors packaging may vary,https://m.media-amazon.com/images/I/81XmHhRkMdL.jpg,personal care products
1228244,dr bronners purecastile liquid soap lavender 1 gallon made with organic oils 18in1 uses face body hair laundry pets and dishes concentrated vegan nongmo,https://m.media-amazon.com/images/I/51EGgI-mVKL.jpg,personal care products
1228366,degree women clinical protection antiperspirant deodorant shower clean 170 oz pack of 3,https://m.media-amazon.com/images/I/61-p9oXrAjL.jpg,personal care products
1228783,mast tattoo pro cartridges needles with membrane mixed sizes box of 50 pcs rlrsrmm1,https://m.media-amazon.com/images/I/61FcjeyrHTL.jpg,personal care products
1173892,paws and claws regal resort nintendo ds,https://m.media-amazon.com/images/I/81d4wdCzbWL.jpg,nintendo ds games consoles accessories
1173613,yugioh nightmare troubadour nintendo ds,https://m.media-amazon.com/images/I/717iN6hbVdL.jpg,nintendo ds games consoles accessories
1174511,national geographic panda nintendo ds,https://m.media-amazon.com/images/I/61httKouyjL.jpg,nintendo ds games consoles accessories
1174773,spectral force genesis nintendo ds,https://m.media-amazon.com/images/I/617AQvElgHL.jpg,nintendo ds games consoles accessories
1173551,james bond 007 goldeneye nintendo ds,https://m.media-amazon.com/images/I/71TaHL9TKML.jpg,nintendo ds games consoles accessories
1175092,stupell industries say yes to new adventures phrase minimal typography designed by birchink canvas wall art 24 x 30 off white,https://m.media-amazon.com/images/I/71OXxrT4CnL.jpg,nintendo ds games consoles accessories
1174340,digimon world championship nintendo ds,https://m.media-amazon.com/images/I/618kFrRhM2L.jpg,nintendo ds games consoles accessories
1044293,mlb cotton broadcloth baltimore orioles blackorange fabric by the yard,https://m.media-amazon.com/images/I/81KLLPgmgAL.jpg,craft hobby fabric
1044692,jinr holographic purple blue iridescence jelly transparent leather vinyl sheets waterproof faux leather fabric sheets 1 roll 12 x 53 30cm x 135cm perfect for making bows earrings handbags,https://m.media-amazon.com/images/I/71A+T4oGy1L.jpg,craft hobby fabric
1047043,burnt vintage print design 100 cotton quilting fabric by the yard orange red white yellow,https://m.media-amazon.com/images/I/81Q-EfFVLLL.jpg,craft hobby fabric
1046739,silk satin fabric paisley embroidery brocade satin fabric 75cm 39 width dressmaking fabric for sewing diy crafts costume upholstery cushionssize1mcolorroyal blue,https://m.media-amazon.com/images/I/71SBoxY7cgL.jpg,craft hobby fabric
1045432,tulle fabric40 yards per bolt white,https://m.media-amazon.com/images/I/314XhKpK6IL.jpg,craft hobby fabric
1046795,60 wide fleece raiders plaid black,https://m.media-amazon.com/images/I/910lReGrcJL.jpg,craft hobby fabric
1044598,minky fabric rosebud 58 wide sold by the yard black,https://m.media-amazon.com/images/I/61RvyDcrz3L.jpg,craft hobby fabric
1065540,mapei keracaulk u unsanded caulk ivory 105oz,https://m.media-amazon.com/images/I/31lVpm71ILL.jpg,industrial adhesives sealants lubricants
1066270,eclipse 902035 hook loop tape 12 wide black 50ft roll multi one size,https://m.media-amazon.com/images/I/71Zn9RzeSUL.jpg,industrial adhesives sealants lubricants
1061602,duck brand 282083 188inch by 180 feet single roll selfadhesive fiberglass drywall joint tape white,https://m.media-amazon.com/images/I/71Hx7X48SML.jpg,industrial adhesives sealants lubricants
1069600,ipg industrial ipg rg300 filament tape 12mm x 548m clear 72pack rg30039,https://m.media-amazon.com/images/I/51MfA3R9xxL.jpg,industrial adhesives sealants lubricants
1070333,frienda 3 rolls joist tape for decking waterproof anti corrosion butyl flashingtape adhesive deck tape for joist beam top rim 4 x 50 2 x 502 size,https://m.media-amazon.com/images/I/710uDKTIluL.jpg,industrial adhesives sealants lubricants
1064146,electrical tape general purpose 34 x 60ft 7 mil flame retardant black vinyl 5 pack,https://m.media-amazon.com/images/I/41hgdcwwQvL.jpg,industrial adhesives sealants lubricants
1066117,uxcell wood wax filler stick furniture crayons wooden repair wax filler stick touch up wax paint pens for scratches holes floor laminate carpenters tables desks coffee,https://m.media-amazon.com/images/I/51cxNscF9ML.jpg,industrial adhesives sealants lubricants
1141758,rayen universal ironing board 2 layers foam and 100 cotton fabric cover with aluminium coating basic range light grey metallic 130 x 47 cm gray,https://m.media-amazon.com/images/I/81RPZUqernL.jpg,ironing products
1141719,laundry basket large storage basket laundry hamperbathroomhome decorcollapsible round storage toy bin boys and girls bedroom decor toy organizer laundry hamperyellow,https://m.media-amazon.com/images/I/81WF2lLQ2mL.jpg,ironing products
1142387,yosoo us plug 110v mini electric iron handheld clothing iron machine for dormitory traveling home clothes and shirts,https://m.media-amazon.com/images/I/51dCutky9WL.jpg,ironing products
1140553,conair turbo extremesteam handheld fabric garment steamer gs76gd,https://m.media-amazon.com/images/I/61ZwrnOmVZL.jpg,ironing products
1140412,ironing matportable travel ironing blanketwlybopro thickened heat resistant ironing pad cover for washer dryer table top countertop small ironing board gift silicone iron rest pad 1933 inch,https://m.media-amazon.com/images/I/712yon1RJ3S.jpg,ironing products
1141793,a girl who loves horses design laundry basket hamper bag dirty clothes storage bin waterproof foldable collapsible toy organizer for office bedroom clothes toys gift basket,https://m.media-amazon.com/images/I/619yfyl1oRL.jpg,ironing products
1140745,fdit small ironing board toy for sleeves neckline tshirt collar cuff underwear not suitable for complete clothing,https://m.media-amazon.com/images/I/51gCC9U+t1L.jpg,ironing products
264757,xichen starry sky stars nail art stickers tips wraps foil transfer adhesive glitters acrylic diy decoration 24pcs 24 colors4cm100cm,https://m.media-amazon.com/images/I/61W2vA1YEqL.jpg,foot hand nail care products
262659,desdemona flat coffin gel dual nail forms 120 pcs builder extension gel extra long curve nail molds for poly nail gel art design salon diy at home flat extra coffin shape,https://m.media-amazon.com/images/I/51uf1YW2izS.jpg,foot hand nail care products
260256,6 sheets french manicure nail art stickers selfadhesive nail tips guides for diy decoration stencil tools6 black shaped designs,https://m.media-amazon.com/images/I/6146nMhD50L.jpg,foot hand nail care products
262347,ebanku 9 sheets lace nail art stickers black lace flower design 3d selfadhesive nail sticker decal for women girls diy nail art decoration,https://m.media-amazon.com/images/I/81ES84aPEKL.jpg,foot hand nail care products
261711,manicure set professional pedicure kit nail clippers kit 18 pcs nail care tools grooming kit with luxurious upgraded travel case purple,https://m.media-amazon.com/images/I/81ED1edcj5L.jpg,foot hand nail care products
261991,3100pcs nail crystal rhinestones kit mix shapes ab glass 3d diamonds flatback crystals with a drill pen nail crystal non hotfix nail art decoration ab rhinestone,https://m.media-amazon.com/images/I/713BxD9QvDL.jpg,foot hand nail care products
262949,20pcs nail art brushes set6pcs doublehead nail brushes3pcs nail art liner brushes1pcs doublehead nail sponge brush with 8pcs replaceable heads1pcs nail gradient brush1pcs painting palette,https://m.media-amazon.com/images/I/71abPrzB4dL.jpg,foot hand nail care products
309503,ccozn 32 pcs fake knife charms halloween pendant mini plastic fake knives beads for women diy jewelry making crafting halloween charms with box 2 styles,https://m.media-amazon.com/images/I/71q1Pr1plpL.jpg,beading jewelry making
992138,32pcs gold plated enamel medical nurse charms stethoscope syringe nurse cap hat charms for jewelry making crafting findings accessory for diy necklace bracelet m430,https://m.media-amazon.com/images/I/61kCIoIqceL.jpg,beading jewelry making
992149,ph pandahall 100pcs crystal dangle charms crackle glass drop beads charms 10 color dangle bead with silver bead cap drops beads charms pendants for jewelry making necklace earring,https://m.media-amazon.com/images/I/81CKqlA6dZL.jpg,beading jewelry making
992448,benecreat 20 pcs 18k real gold plated spacer beads metal beads for diy jewelry making findings and other craft work 8x8x3mm cross shape,https://m.media-amazon.com/images/I/61GlSa5IwoL.jpg,beading jewelry making
883369,sannix 500pcs charms bulk wholesale assorted gold plated enamel pendants earring for bracelet necklace diy jewelry making craft supplies,https://m.media-amazon.com/images/I/91hfWAM8IwL.jpg,beading jewelry making
309123,100 pack butterfly clutch with 10mm blank pins cbtone gold tie tacks blank pins with clutch back for craft making badge insignia citation bars service bars toy pins and jewelry making,https://m.media-amazon.com/images/I/71ucz1R1poL.jpg,beading jewelry making
882237,zoofox 300 gram gears charms mixed vintage bronze watch cog wheel set diy metal steampunk pendant for crafting jewelry making accessory,https://m.media-amazon.com/images/I/81A2I1H0J9L.jpg,beading jewelry making
1276757,breast cancer stuffed bear 16 inch plush breast cancer awareness bear animal pink ribbon bear soft cancer survivor t shirt bear breast care gift for women,https://m.media-amazon.com/images/I/81yqVSs3LeL.jpg,stuffed animals plush toys
1273230,gund easter quacklin duck plush,https://m.media-amazon.com/images/I/7168QVR3qlL.jpg,stuffed animals plush toys
1276728,marvel plush toy black panther,https://m.media-amazon.com/images/I/410HaXMi6yL.jpg,stuffed animals plush toys
1273266,teeturtle the original reversible ball plushie storm rainbow cute sensory fidget stuffed animals that show your mood,https://m.media-amazon.com/images/I/415V4N1fi0L.jpg,stuffed animals plush toys
1273634,trex warmies cozy plush heatable lavender scented stuffed figure,https://m.media-amazon.com/images/I/61m0xOOyhZL.jpg,stuffed animals plush toys
1276439,bulk teddy bears 9 packs bulk stuffed animals small 138 inch plush teddy bear toys gift for boys girls birthday party whitebrowndark brown,https://m.media-amazon.com/images/I/81wdfuno4RL.jpg,stuffed animals plush toys
1277094,oukeyi 48cm188 banana plush stuffed animal toys cute soft comfortable hugging pillow birthday gifts for kids,https://m.media-amazon.com/images/I/41SOLuZK0YL.jpg,stuffed animals plush toys
1025534,18 pack stress balls set for kidssquishy balls fidget toysstress relief sensory toyssquishy party favorsgoodie bags stuffercarnival prizepinata toysclassroom prizestreasure box toys,https://m.media-amazon.com/images/I/81bUEBGLBQL.jpg,party supplies
1023127,funny 50th birthday card rude 50 years old birthday card for friend him her 50 birthday gift for men women,https://m.media-amazon.com/images/I/61fX31I6XTL.jpg,party supplies
1022381,1000 sqft spider webs halloween decorations with 60 fake spiders super stretch cobwebs for halloween decor indoor and outdoor party supplies bar haunted house,https://m.media-amazon.com/images/I/91PEP9J-o+S.jpg,party supplies
1022823,checkered race car party supplies including plastic disposable black and white checkered flag tablecloth table cover and race car table runner for racing birthday party decor favor supplies 2 pcs,https://m.media-amazon.com/images/I/61gj4Zv-YSL.jpg,party supplies
1021642,hallmark paper wonder pop up birthday card for kids disney princess castle,https://m.media-amazon.com/images/I/815y4Hz8SVL.jpg,party supplies
1022894,kitty birthday party supplies 20 plates 20 napkins and 1 tablecover for girls kitty party decorations,https://m.media-amazon.com/images/I/8199MPuCiLL.jpg,party supplies
1021654,28pcs balloons for mario birthday party supplies includes 7 styles printed ideal for mario party decorations favors,https://m.media-amazon.com/images/I/71lnC1FHyfL.jpg,party supplies
457126,baby one size and toddler girls short sleeve casual dresses,https://m.media-amazon.com/images/I/81b-Ohus34L.jpg,baby girls clothing shoes
457785,unisexchild crib tennis sneaker,https://m.media-amazon.com/images/I/81OvWSxaLcL.jpg,baby girls clothing shoes
457062,unisexchild keelan ankle boot,https://m.media-amazon.com/images/I/71wYupAX9+L.jpg,baby girls clothing shoes
457964,big kids 123 pieces solid floral summer rompers little girl elastic waist sleeveless one piece knit jumpsuits multipack,https://m.media-amazon.com/images/I/71OnSu0onXL.jpg,baby girls clothing shoes
456438,baby girl sister matching outfits newborn fall winter clothes toddler crewneck sweatshirt pants 2 piece set,https://m.media-amazon.com/images/I/61k4TvP4gML.jpg,baby girls clothing shoes
459630,kids shoes boyskids baby boys girls bling led light sport shoes children mesh luminous sneakers shoes 06 years,https://m.media-amazon.com/images/I/61Grwo6FUlS.jpg,baby girls clothing shoes
459447,sock shoes for baby girls04 years toddler boys girls cartoon the floor barefoot nonslip first walking shoes,https://m.media-amazon.com/images/I/61okRamN59S.jpg,baby girls clothing shoes
918722,gametown 2 pcs analog joystick stick button controller cap thumbstick cover for fat psp 1000 psp 1001 gray,https://m.media-amazon.com/images/I/31HnHwtZ70L.jpg,sony psp games consoles accessories
919096,lego indiana jones the original adventures,https://m.media-amazon.com/images/I/61r4gK6p8KL.jpg,sony psp games consoles accessories
918798,sega project diva arcadfuture tone super premium figure ca hatsune miku,https://m.media-amazon.com/images/I/41FurC0RS1L.jpg,sony psp games consoles accessories
919205,need for speed carbon city,https://m.media-amazon.com/images/I/91mXuPpsgzL.jpg,sony psp games consoles accessories
918920,indiana jones and the staff of kings sony psp,https://m.media-amazon.com/images/I/91WqA9O4OLS.jpg,sony psp games consoles accessories
918836,good smile my hero academia tomura shigaraki villains edition nendoroid action figure multicolor,https://m.media-amazon.com/images/I/51CR4m9-ZtL.jpg,sony psp games consoles accessories
919139,tiger woods pga tour 2010 psp,https://m.media-amazon.com/images/I/71pmnxwlOZL.jpg,sony psp games consoles accessories
1053290,smart elf car seat protector backseat car organizer kick mat large waterproof 600d fabric child auto carseat protectors saver for baby sit with storage pockets for leather and fabric car seat,https://m.media-amazon.com/images/I/71NVgmMt+JL.jpg,child safety car seats accessories
1053503,seat belt buckle booster bpa free raises your seat belt for easy access stop fishing for buried seat belts makes receptacle stand upright buckling 1,https://m.media-amazon.com/images/I/71PvS0wMIJL.jpg,child safety car seats accessories
1054819,itzy ritzy 4in1 nursing cover car seat cover shopping cart cover and infinity scarf breathable multiuse mom boss breastfeeding cover car seat canopy cart cover scarf blue cloud,https://m.media-amazon.com/images/I/51EiasPC1gL.jpg,child safety car seats accessories
1055607,newitin 2 pieces flower nursing cover breastfeeding scarf baby car seat covers infant stroller cover carseat canopy for girls and boys,https://m.media-amazon.com/images/I/71T3eCnTsbS.jpg,child safety car seats accessories
1055522,jeseny 1 pack car interior baby observation mirror 33in x 2in child safety seat rear view mirror small clipon 360 degree rotating reverse blind spot assist mirror universal for most cars black,https://m.media-amazon.com/images/I/71vmuzAV6cL.jpg,child safety car seats accessories
1053897,mesa v2 infant car seat gregory blue melange merino wool base for mesamesa v2,https://m.media-amazon.com/images/I/7194Eu2mLiL.jpg,child safety car seats accessories
1054166,sjehome car seat covers for babies boy girllight weight muslincarseat canopy for newborn infant carrier2 layers windows of meshfabricfit all baby car seatgreycloud,https://m.media-amazon.com/images/I/71buF2xUfAL.jpg,child safety car seats accessories
740986,android tv box 100 t95 android box 2gb ram 16gb rom 6k ultra hd allwinner h616 64bit support 3d usb hd h265 245ghz dual wifi ethernet android tv box,https://m.media-amazon.com/images/I/41shlCbMTpL.jpg,smart home home entertainment
740846,nvidia shield android tv pro streaming media player 4k hdr movies live sports dolby visionatmos aienhanced upscaling geforce now cloud gaming google assistant builtin works with alexa,https://m.media-amazon.com/images/I/61rowppY2TL.jpg,smart home home entertainment
740895,microsoft xbox one x 1tb black console only renewed,https://m.media-amazon.com/images/I/61ahugy6-AL.jpg,smart home home entertainment
740980,samsung 312ch q800a q series soundbar dolby atmosdts x with alexa builtin hwq800a 2021 model,https://m.media-amazon.com/images/I/71OA+KWFlBL.jpg,smart home home entertainment
740842,logitech 915000194 harmony smart remote control with smartphone app black renewed,https://m.media-amazon.com/images/I/61n+dRF7mGL.jpg,smart home home entertainment
740861,samsung un78ks9500 curved 78inch 4k ultra hd smart led tv 2016 model,https://m.media-amazon.com/images/I/91f2b+oH3YL.jpg,smart home home entertainment
740966,sony hta9 714ch high performance home theater speaker system with sony sasw5 300w wireless subwoofer,https://m.media-amazon.com/images/I/818yJTWZ+dL.jpg,smart home home entertainment
1060806,organic glucomannan konjac root powder konjac gel powder 10 ounce soluble fiber prebiotics great cornstarch substitute for thickener supports regularity healthy weight management keto diet,https://m.media-amazon.com/images/I/71XpjZv-q7L.jpg,diet sports nutrition
1060776,terra kai organics juce green superfood powder organic fruits and veggies supplement w 77 superfoods plus prebiotic probiotic blend harvest apple flavor 20 servings 230 g,https://m.media-amazon.com/images/I/61ukSlB2uIL.jpg,diet sports nutrition
1060820,now foods apple pectin 120 ct,https://m.media-amazon.com/images/I/71flm0vM4EL.jpg,diet sports nutrition
1061286,now foods pau d arco 500 mg 250 veg capsules,https://m.media-amazon.com/images/I/51KUwIZQmcL.jpg,diet sports nutrition
1060505,root original classic mexican 3 month treatment,https://m.media-amazon.com/images/I/517PPp1WKAL.jpg,diet sports nutrition
1061342,kids fiber gummy prebiotics supplement soluble fiber gummies for kids constipation relief digestive health and leaky gut repair kids fiber gummies immune system booster delicious gummy vitamins,https://m.media-amazon.com/images/I/71uMvDxzqVL.jpg,diet sports nutrition
1060279,doctors best dphenylalanine supports mood nervous system nongmo vegan gluten free 500 mg 60 veggie caps,https://m.media-amazon.com/images/I/6185H+3rJrS.jpg,diet sports nutrition
1015077,denture brush cover fits all denture brushes blue,https://m.media-amazon.com/images/I/71ISzZMvi+L.jpg,beauty personal care
1014862,radius replacement heads soft 2 count pack of 3,https://m.media-amazon.com/images/I/51W+gbi-yBL.jpg,beauty personal care
1014988,fixodent denture adhesive cream neutral taste,https://m.media-amazon.com/images/I/61V+gXd6nAL.jpg,beauty personal care
1014035,denture bath case cup with denture cleaner brush retainer holder box complete clean care for dentures clear braces mouth guard night guard retainerstraveling pink,https://m.media-amazon.com/images/I/61n7L05b63L.jpg,beauty personal care
1016335,sigma times 2 pack steel bite pro teeth supplement for teeth and gum repair steel bite original dental tooth repair 120 capsules,https://m.media-amazon.com/images/I/619Kj3jlxhL.jpg,beauty personal care
1014199,denture adhesive strips zinc free waterproof comfortable cushion fit for uppers lowers extra firm alldayhold no mess clean ingredients 15 strips 4 pack 60 strips total,https://m.media-amazon.com/images/I/81P2bD2cBxS.jpg,beauty personal care
1013878,sensodyne extra whitening sensitive teeth and cavity prevention whitening toothpaste amazon exclusive cool mint 4 ounces pack of 3,https://m.media-amazon.com/images/I/81D2DzfRB7L.jpg,beauty personal care
1168659,qwork 2 wall mount ceiling mount pipe support 1 pack adjustable stainless steel bracket clamp ideal for pipe tube or rod fixing,https://m.media-amazon.com/images/I/51qG5KTn6lL.jpg,pumps plumbing equipment
1167333,59 inches kinkfree chromed flexible stainless steel shower hose replacement for handheld showerhead hose,https://m.media-amazon.com/images/I/71ka-POFqGL.jpg,pumps plumbing equipment
1168038,thermostatic mixing valve shower mixing valve with npt thread us standard temperature constant control valve fahrenheit scale mark solid brass golden,https://m.media-amazon.com/images/I/511vtnlu9lS.jpg,pumps plumbing equipment
1167100,danco universal bathroom pull rod assembly universal 1pack 81075 white,https://m.media-amazon.com/images/I/41jnjC-sznL.jpg,pumps plumbing equipment
1165598,toto toilet handle replacement parts kit side mount toilet flush handle universal toto thu068cp trip lvr for st743s tank lever handle for toto kohler toilet tank,https://m.media-amazon.com/images/I/51VZnalakfL.jpg,pumps plumbing equipment
1168519,sharkbite 34 inch pvc x 34 inch mnpt adapter push to connect brass plumbing fitting pex pipe copper cpvc pert hdpe uip134a,https://m.media-amazon.com/images/I/71FeSzKAzmL.jpg,pumps plumbing equipment
1166788,1222 replacement cartridge for moen onehandle posi temp faucets tub shower replacement kit compatible with moen 1222 1222b shower cartridge,https://m.media-amazon.com/images/I/51udZxuI8EL.jpg,pumps plumbing equipment
696064,rubbermaid reveal power scrubber and grout head for household cleaning grayred multipurpose scrub brush cleaner for grouttilebathroomshowerbathtub water resistant lightweight 2057486,https://m.media-amazon.com/images/I/4121k4jVAGL.jpg,household supplies
697578,100 pack 12 oz clear plastic cups with flat slotted lids disposable drinking party cups for iced cold drinks coffee tea smoothie bubble boba,https://m.media-amazon.com/images/I/71+iMpc2BTL.jpg,household supplies
696904,aaa lr03 batteriesultra long lasting alkaline batterywith long lasting power 10year shelf life msds and ce rohs tested aaa battery 12 count,https://m.media-amazon.com/images/I/71Rijt2m8KL.jpg,household supplies
696249,10pcs lr1130 ag10 sg10 389 189 15v button coin cell battery,https://m.media-amazon.com/images/I/611E-lTn91L.jpg,household supplies
696934,scott comfortplus toilet paper 12 double rolls bath tissue 2 pack,https://m.media-amazon.com/images/I/71ZKv0pI9IL.jpg,household supplies
697672,palmolive essential clean liquid dish soap apple pear 142 ounce,https://m.media-amazon.com/images/I/81Z01ONOrIL.jpg,household supplies
697027,hydro flask 3pack replacement straws,https://m.media-amazon.com/images/I/41+8eIIpWXL.jpg,household supplies
965461,78 pcs dinosaur footprints floor decals black ripped scratches vinyl sticker decals removable dinosaur wall decals peel and stick dinosaur track stickers raptor scratches dinosaur tracks wall decals,https://m.media-amazon.com/images/I/61FrAicw3-L.jpg,nursery furniture bedding dcor
961783,over the door organizer storage zippered 6 shelf behind door hanging organizer with 8 large pockets antitilt design for nursery bathroom bedroom kitchen dorm camper toys diapers cosmetics,https://m.media-amazon.com/images/I/712TEM2TeOL.jpg,nursery furniture bedding dcor
962606,night light pear cute led nursery nightlight lamp tap control squishy silicone usb rechargeable bedside lamp for bedroom warm white 7 colors christmas gift for kids girls boys,https://m.media-amazon.com/images/I/61KEb7UhMwL.jpg,nursery furniture bedding dcor
967176,honestbaby organic cotton matelasse reversible receiving blanket butterfly one size,https://m.media-amazon.com/images/I/81KGr75r9LL.jpg,nursery furniture bedding dcor
965126,lambs ivy disney baby winnie the pooh baby blanket tancream jerseyminky,https://m.media-amazon.com/images/I/71KOTjTJRuL.jpg,nursery furniture bedding dcor
962402,foldable baby playpen baby gate playpen extra large baby playards for toddler 47x47155 sq ft space indoor outdoor large kids activity center suitable for home travel picnic 4747 inches,https://m.media-amazon.com/images/I/81ufzyLdxRL.jpg,nursery furniture bedding dcor
961787,reading will take you everywhere inspirational quote wall decal sticker motivational phrase nursery decoration classroom bedroom playroom art kid study room library wall sticker decor,https://m.media-amazon.com/images/I/91ehTXdNjtL.jpg,nursery furniture bedding dcor
144325,philips led frosted flickerfree c7 night light bulb nondimmable eyecomfort technology 30 lumen soft white light 2700k 05w7w e12 base 574038 2 count pack of 1,https://m.media-amazon.com/images/I/71-oL0KlGrL.jpg,light bulbs
144347,simba lighting candelabra torpedo frosted b10 40w e12 base 12 pack decorative incandescent light bulbs 120v for chandeliers ceiling fan lights pendants wall sconces dimmable warm white 2700k,https://m.media-amazon.com/images/I/71fgTE2JUVL.jpg,light bulbs
144772,jeryjo g9 led light bulb5w replacement for 40w halogen g9 bulb daylight 6000kg9 corn crystal light for livingroom bedroom lightingpack of 5,https://m.media-amazon.com/images/I/61J-71sBXdL.jpg,light bulbs
144081,cfmaster gu24 led llight bulb 3000k warm white 9w100w equivalent 800 lumens a19 shape gu24 led bulbs twist and lock gu24 pin base with two prongs nondimmable4pack,https://m.media-amazon.com/images/I/51zw0oCdHRL.jpg,light bulbs
152368,feit par30ldm930ca 75w equivalent warm white par30l dimmable cec title 24 compliant spot led light bulb,https://m.media-amazon.com/images/I/91FbEzmBLfL.jpg,light bulbs
148768,chromalux 75 watt frosted reflector floodlights 1 bulb,https://m.media-amazon.com/images/I/71T-QOwP+GL.jpg,light bulbs
143649,jandcase sleep light bulb amber light bulbs for sleep therapy blue light blocking 1800k dim light bulbs 60w equivalent mood soothing light e26 a19 warm light bulbs for bedroom nursery 2 pack,https://m.media-amazon.com/images/I/71SZFUp-brL.jpg,light bulbs
